{
  "Contratos" : {
    "csantiestebantoca@gmail-com" : {
      "activo" : true,
      "fechaAceptacion" : " ",
      "fechaSolicitud" : " "
    }
  },
  "Especialidades" : [ "Psicología de la educación y del desarrollo", "Psicología clínica o de la salud", "Sexología", "Psicología familiar y de pareja", "Psicología del deporte", "Psicología de las organizaciones y del trabajo", "Psicología de la publicidad o marketing", "Psicología Forense", "Neuropsicología", "Psicología social", "Psicología comunitaria", "Psicología básica y experimental" ],
  "Especialistas" : {
    "esp1@email-com" : {
      "cedulaProfesional" : "",
      "citas" : {
        "2019-07-15 10:00" : {
          "end" : "2019-07-15 11:00",
          "start" : "2019-07-15 10:00",
          "title" : "Cosme"
        },
        "2019-07-15 12:00" : {
          "end" : "2019-07-15 12:001",
          "start" : "2019-07-15 12:00",
          "title" : "Cosme"
        },
        "2019-07-15 13:00" : {
          "end" : "2019-07-15 14:00",
          "start" : "2019-07-15 13:00",
          "title" : "Cosme"
        },
        "2019-07-15 16:00" : {
          "end" : "2019-07-15 17:00",
          "start" : "2019-07-15 16:00",
          "title" : "Cosme"
        },
        "2019-07-16 10:00" : {
          "end" : "2019-07-16 11:00",
          "start" : "2019-07-16 10:00",
          "title" : "Cosme"
        },
        "2019-07-16 12:00" : {
          "confirmed" : false,
          "end" : "2019-07-16 13:00",
          "start" : "2019-07-16 12:00",
          "title" : "Cosme"
        },
        "2019-07-17 10:00" : {
          "end" : "2019-07-17 11:00",
          "start" : "2019-07-17 10:00",
          "title" : "Cosme"
        },
        "2019-07-25 14:00" : {
          "end" : "2019-07-25 15:00",
          "start" : "2019-07-25 14:00",
          "title" : "Cosme"
        },
        "2019-07-29 10:00" : {
          "end" : "2019-07-29 11:00",
          "start" : "2019-07-29 10:00",
          "title" : "Cosme"
        },
        "2019-07-30 09:00" : {
          "end" : "2019-07-30 10:00",
          "start" : "2019-07-30 09:00",
          "title" : "Cosme"
        },
        "2019-07-30 10:00" : {
          "end" : "2019-07-30 11:00",
          "start" : "2019-07-30 10:00",
          "title" : "Cosme"
        },
        "2019-07-30 11:00" : {
          "end" : "2019-07-30 12:00",
          "start" : "2019-07-30 11:00",
          "title" : "Cosme"
        }
      },
      "comentario" : "Una sonrisa no cuesta nada y produce mucho. Seduce todo el tiempo a tu pareja y mejora tu relación.",
      "contrato" : "",
      "costo" : "250.00",
      "especialidad" : "Sexología & Terapia de parejas",
      "evaluaciones" : {
        "cantidad" : 55,
        "e1" : 7,
        "e2" : 2,
        "e3" : 1,
        "e4" : 12,
        "e5" : 33
      },
      "foto" : "1.jpg",
      "invitaciones" : [ {
        "confirmacion" : true,
        "especialista" : "esp2@email-com",
        "fecha" : ""
      }, {
        "confirmacion" : false,
        "especialista" : "esp5@email-com",
        "fecha" : ""
      } ],
      "localizacion" : "chihuahua",
      "nombre" : "Marian Dixon",
      "planPago" : "",
      "publicaciones" : [ {
        "costo" : "4400.00",
        "descripcion" : "Excelente espacio en el centro de Cuauhtemoc",
        "fotos" : "1.jpg,3.jpg,2.jpg",
        "localizacion" : "Cuauhtemoc",
        "nombre" : "Oficina 16m cuadrados"
      }, {
        "costo" : "3000.00",
        "descripcion" : "Espacio compartido al sur de Chihuahua",
        "fotos" : "1.jpg,3.jpg,2.jpg",
        "localizacion" : "Chihuahua",
        "nombre" : "Oficina 9m cuadrados"
      }, {
        "costo" : "380.00",
        "descripcion" : "Edición limitada 2018, solo 1 ejemplar",
        "fotos" : "1.jpg,3.jpg,2.jpg",
        "localizacion" : "Chihuahua",
        "nombre" : "Manual de psicología infantil"
      } ]
    },
    "esp2@email-com" : {
      "cedulaProfesional" : "",
      "citas" : {
        "2019-07-16 10:00" : {
          "confirmed" : false,
          "end" : "2019-07-16 11:00",
          "start" : "2019-07-16 10:00",
          "title" : "Cosme"
        },
        "2019-07-17 12:00" : {
          "confirmed" : false,
          "end" : "2019-07-17 13:00",
          "start" : "2019-07-17 12:00",
          "title" : "Cosme"
        },
        "2019-07-18 09:00" : {
          "confirmed" : false,
          "end" : "2019-07-18 10:00",
          "start" : "2019-07-18 09:00",
          "title" : "Cosme"
        },
        "2019-07-25 09:00" : {
          "confirmed" : false,
          "end" : "2019-07-25 10:00",
          "start" : "2019-07-25 09:00",
          "title" : "Cosme"
        }
      },
      "comentario" : "Haz crecer tu empresa. Mejora las relaciones interlaborales en un ambiente productivo sano.",
      "contrato" : "",
      "costo" : "350.00",
      "especialidad" : "Psicología laboral",
      "evaluaciones" : {
        "cantidad" : 45,
        "e1" : 5,
        "e2" : 2,
        "e3" : 1,
        "e4" : 7,
        "e5" : 33
      },
      "foto" : "2.jpg",
      "invitaciones" : [ {
        "confirmacion" : true,
        "especialista" : "esp3@email-com",
        "fecha" : ""
      }, {
        "confirmacion" : true,
        "especialista" : "esp4@email-com",
        "fecha" : ""
      } ],
      "localizacion" : "cuauhtemoc",
      "nombre" : "Lawrence Lane",
      "planPago" : ""
    },
    "esp3@email-com" : {
      "cedulaProfesional" : "",
      "citas" : {
        "2019-07-18 09:00" : {
          "confirmed" : false,
          "end" : "2019-07-18 10:00",
          "start" : "2019-07-18 09:00",
          "title" : "Cosme"
        },
        "2019-07-22 10:30" : {
          "confirmed" : false,
          "end" : "2019-07-22 11:30",
          "start" : "2019-07-22 10:30",
          "title" : "Cosme"
        },
        "2019-07-24 10:00" : {
          "confirmed" : false,
          "end" : "2019-07-24 11:00",
          "start" : "2019-07-24 10:00",
          "title" : "Cosme"
        }
      },
      "comentario" : "Asume tu vida con actitud. No te rindas ante las dificultades. Convierte cada revés en una victoria.",
      "contrato" : "",
      "costo" : "200.00",
      "especialidad" : "Psicólogo general",
      "evaluaciones" : {
        "cantidad" : 50,
        "e1" : 7,
        "e2" : 2,
        "e3" : 1,
        "e4" : 7,
        "e5" : 33
      },
      "foto" : "3.jpg",
      "localizacion" : "Cuauhtemoc",
      "nombre" : "Lois Clark",
      "planPago" : "",
      "publicaciones" : [ {
        "costo" : "2000.00",
        "descripcion" : "Puede ser empleada en horario de la mañana o la tarde",
        "fotos" : "1.jpg,3.jpg,2.jpg",
        "localizacion" : "Cuauhtemoc",
        "nombre" : "Oficina tiempo parcial"
      } ]
    },
    "esp4@email-com" : {
      "cedulaProfesional" : "",
      "citas" : {
        "2019-07-22 09:00" : {
          "end" : "2019-07-22 10:00",
          "start" : "2019-07-22 09:00",
          "title" : "Cosme"
        },
        "2019-07-24 09:00" : {
          "confirmed" : false,
          "end" : "2019-07-24 10:00",
          "start" : "2019-07-24 09:00",
          "title" : "Cosme"
        },
        "2019-07-25 11:00" : {
          "confirmed" : false,
          "end" : "2019-07-25 12:00",
          "start" : "2019-07-25 11:00",
          "title" : "Cosme"
        }
      },
      "comentario" : "Los niños son la esperanza del mundo. Ayudémoslos a superar el bullyng y crecer fuertes sin perder su ternura.",
      "contrato" : "",
      "costo" : "300.00",
      "especialidad" : "Psicóloga infantil",
      "evaluaciones" : {
        "cantidad" : 60,
        "e1" : 12,
        "e2" : 2,
        "e3" : 1,
        "e4" : 12,
        "e5" : 33
      },
      "foto" : "4.jpg",
      "localizacion" : "cuauhtemoc",
      "nombre" : "Maddison Swan",
      "planPago" : ""
    }
  },
  "Eventos" : [ {
    "costo" : "1550.00",
    "descripcion" : "Comentario del curso",
    "fecha" : "2019-07-10",
    "foto" : "1.jpg",
    "hora" : "0900",
    "localizacion" : "Cuauhtemoc",
    "nombre" : "Curso de psicología infantil"
  }, {
    "costo" : "2000.00",
    "descripcion" : "Comentario del curso",
    "fecha" : "2019-07-02 16:00",
    "foto" : "2.jpg",
    "hora" : "1300",
    "localizacion" : "Chihuahua",
    "nombre" : "Taller de psicología laboral"
  }, {
    "costo" : "1050.00",
    "descripcion" : "Comentario del curso",
    "fecha" : "2019-07-02 09:00",
    "foto" : "3.jpg",
    "hora" : "1500",
    "localizacion" : "Juarez",
    "nombre" : "Conferencia psicología general"
  } ],
  "PlanPago" : [ {
    "nombre" : "Plan 1",
    "tipoPago" : "tasa",
    "valor" : "3"
  }, {
    "nombre" : "Plan 2",
    "tipoPago" : "monto",
    "valor" : "10,00"
  }, {
    "nombre" : "Plan 3",
    "tipoPago" : "monto",
    "valor" : "8,00"
  } ]
}
